<?xml version="1.0" encoding="UTF-8"?>
<!DOCTYPE mapper PUBLIC "-//mybatis.org//DTD Mapper 3.0//EN" "http://mybatis.org/dtd/mybatis-3-mapper.dtd" >
<mapper namespace="boardMapper">
	<resultMap type="Board" id="boardResultSet">
			<!-- 언더바가 들어가는 쿼리문에 한하여 매핑을 해줘야함 -->
			<!--property : 자바에서 필드 변수 이름,  column : DB 의 해당 컬럼명-->
			<!--DB에서의 기본키 -->
			<id property="no" column="NO"/>
			
			<!--DB에서의 일반컬럼들 -->
			<result property="categoryCode" column="CATEGORY_CODE"/> <!-- dto에는 기본생성자, setter  가 생성되어있어야한다. -->
			<result property="title" column="TITLE"/>
			<result property="content" column="CONTENT"/>
			<result property="count" column="COUNT"/>
			<result property="createDate" column="CREATED_DATE"/>
			<result property="status" column="STATUS"/>
			<result property="writer" column="WRITER"/>

		</resultMap>
	
	<resultMap type="com.multi.shop.board.model.dto.CategoryDTO" id="categoryResultMap">
		<id property="code" column="C_CODE"/>
		<result property="name" column="C_NAME"/>
	</resultMap>
	
	
	
	<!--
		한행에 대한 반환타입을 반드시  설정해야함(둘중한가지는 필수로 작성, 둘다 사용은 안됨)
		
		resultMap : 위에서 생성한 resultMap을 리턴 타입으로 이용하는 경우
		resultType : 이미 정의되어 있는 타입을 이용하여 리턴 타입으로 이용하는 경우
		
		파라미터가 한 개인 경우 바인딩 되는 이름은 상관 없다. 파라미터 타입도 지정하지 않아도 된다. 
		parameterType : 파라미터로 전달되는 값의 타입을 작성(생략해도 상관없음)
		
		# 파라미터 타입이 스트링인경우 '' 자동으로 붙여줌
		$ 사용자가 넘긴값 그대로를 넣어줌 -  컬럼명이 유동적으로 바뀌는경우 사용가능. 하지만 추천하는 코드 스타일은아니다. 
		
		 #{ code2 } 로 바꿔서 해도 잘됨. 1개인경우는 이름이 중요한거시아니다.
	
	-->
	<select id="getListCount" resultType="_int">
		SELECT COUNT(*)
		FROM BOARD
		WHERE STATUS='Y'
	</select>
	
	<select id="selectList" resultMap="boardResultSet">
		SELECT NO, CATEGORY_CODE, TITLE, CONTENT, WRITER , CREATED_DATE , COUNT
		FROM BOARD 
		ORDER BY NO DESC
	</select>
	
	<select id="selectBoard" parameterType="_int" resultMap="boardResultSet">
		SELECT A.NO, A.CATEGORY_CODE, A.TITLE, A.CONTENT, A.WRITER , A.CREATED_DATE ,A.COUNT
		FROM BOARD A
		JOIN MEMBER B ON(WRITER=ID)
		WHERE A.STATUS='Y' AND A.NO=#{no}
	
	</select>
	
	<!-- insert, update, delete의 경우 resultType은 작성하지 않는다. 기본 _int로 수행 결과를 리턴한다. -->
	<!-- 파라미터로 전달된 dto의 필드 이름으로 값을 바인딩 해 주어야 한다. getter를 이용하며 getter가 없는 경우도 에러가 발생한다. -->
	<!-- 파라미터 타입도 생략이 가능하다. 	-->
	
	
	<update id="updateCount" parameterType="_int">
		UPDATE BOARD
		SET COUNT = COUNT+1
		WHERE NO=#{no}
	</update>
	
	<insert id="insertBoard">
        INSERT /* com.uni.shop.board.model.dao.BoardDAO.insertBoard() */
          INTO BOARD 
        (
          CATEGORY_CODE
        , TITLE
        , CONTENT
        , WRITER
        )
        VALUES
        (
    
          #{ categoryCode }
        , #{ title }
        , #{ content }
        , #{ writer }
        )
	</insert>

</mapper>
