<?xml version="1.0" encoding="UTF-8"?>
<!DOCTYPE mapper PUBLIC "-//mybatis.org//DTD Mapper 3.0//EN" "http://mybatis.org/dtd/mybatis-3-mapper.dtd" >
<mapper namespace="productMapper">
	<resultMap type="Product" id="productResultSet">
			<!-- 언더바가 들어가는 쿼리문에 한하여 매핑을 해줘야함 -->
			<id property="id" column="ID"/>
			<result property="name" column="NAME"/>
			<result property="content" column="CONTENT"/>
			<result property="price" column="PRICE"/>
			<result property="companyId" column="COMPANY_ID"/>
			<result property="img" column="IMG"/>
			<result property="createdDate" column="CREATED_DATE"/>
			<result property="createdPerson" column="CREATED_PERSON"/>
			<result property="modifiedDate" column="MODIFIED_DATE"/>
			<result property="modifiedPerson" column="MODIFIED_PERSON"/>
			<result property="status" column="STATUS"/>

	</resultMap>
	
	
	
	
	<select id="selectList" resultMap="productResultSet">
		SELECT *
		FROM PRODUCT 
		ORDER BY id ASC
	</select>
	
	<insert id="insertProduct">
        INSERT /* com.multi.shop.product.model.dao.ProductDAO.insertProduct() */
          INTO PRODUCT 
         (
        NAME,
        CONTENT,
        PRICE,
        COMPANY_ID,
        IMG,
        CREATED_DATE,
        CREATED_PERSON
    )
    VALUES
    (
        #{name},
        #{content},
        #{price},
        #{companyId},
        #{img},
        NOW(),
        #{createdPerson}
    )
	</insert>
	
	<select id="selectProduct" parameterType="_int" resultMap="productResultSet">
		SELECT *
		FROM PRODUCT
		WHERE ID=${id}
	</select>
	
	

</mapper>
